[{"name": "Krystal", "locations": "Madison Blvd", "price": "$", "tag": "Breakfast, Lunch, Fast Food"}, {"name": "Shaggy's Burgers and Tacos", "locations": "Enterprise Way", "price": "$", "tag": "Lunch, Fast Food"}, {"name": "Arby's", "locations": "Memorial Pkwy NW", "price": "$", "tag": "Lunch, Fast Food"}, {"name": "Dairy Queen", "locations": "Oakwood Ave", "price": "$", "tag": "Lunch, Fast Food"}, {"name": "McDonald's", "locations": "Madison Blvd", "price": "$", "tag": "Breakfast, Lunch, Fast Food"}, {"name": "Wendy's ", "locations": "Uni Dr.", "price": "$", "tag": "Lunch, Fast Food"}, {"name": "Five Guys", "locations": "Enterprise Way", "price": "$$", "tag": "Lunch, Fast Food"}, {"name": "Burger King", "locations": "Uni Dr.", "price": "$", "tag": "Lunch, Fast Food"}, {"name": "Connors Steak and Seafood", "locations": "345 The Bridge St.", "price": "$$$", "tag": "Lunch, Dine-In"}, {"name": "Island Jerk ", "locations": "2230 Sparkman Dr NW", "price": "$", "tag": "Lunch, Dinner, Fast Food, Jamaican"}, {"name": "Waffle House", "locations": "36 Shields Rd, Huntsville, AL 35811", "price": "$", "tag": "Breakfast, Dine-In"}, {"name": "Bojangles", "locations": "N Memorial Pkwy", "price": "$", "tag": "Lunch, Fast Food"}, {"name": "Olive Garden", "locations": "Uni Drive NW", "price": "$$", "tag": "Lunch, Dinner, Dine-In"}]